<updates>
    <update>
        <name>mod_tvo_aktuelle_ergebnisse Update Server</name>
        <description></description>
        <element>mod_tvo_aktuelle_ergebnisse</element>
        <type>module</type>
        <version>0.0.1</version>
        <client>site</client>
        <infourl title="mod_tvo_aktuelle_ergebnisse Update Server" />
        <downloads>
            <downloadurl
                type="full"
                format="zip">
                https://github.com/alve89/mod_tvo_aktuelle_ergebnisse/archive/v0.0.1.zip
            </downloadurl>
        </downloads>
        <tags>
            <tag>stable</tag>
        </tags>
        <maintainer>Stefan Herzog</maintainer>
        <maintainerurl>https://github.com/alve89/</maintainerurl>
        <targetplatform name="joomla" version="[34].[0123456789]" />
    </update>
</updates>
